{
  "A0": 236,
  "En": 2.53e-08,
  "nwalkers": 100,
  "nsteps": 60000,
  "burnin": 10000,
  "thin": 15,
  "peak_weight": 0.0,
  "acceptance_mean": 0.3022302,
  "acceptance_min": 0.29398,
  "chi2_median_model": 249.46859356533545,
  "chi2_per_dof": 3.5136421628920487,
  "ndof": 71,
  "elapsed_s": 211.05196619033813,
  "flat_chain_shape": [
    333300,
    14
  ],
  "Rhat": {
    "w_a1": 1.0067938914436025,
    "w_b1": 1.004791794407837,
    "mu_a1": 1.0053423165128155,
    "mu_b1": 1.0058165850504237,
    "sig_a1": 1.0050585843094486,
    "sig_b1": 1.0049414099777165,
    "w_a2": 1.005723707003384,
    "w_b2": 1.0050790857434995,
    "mu_a2": 1.0051700412628268,
    "mu_b2": 1.0059157651049024,
    "sig_a2": 1.0057682643779373,
    "sig_b2": 1.004500471425136,
    "sig_a3": 1.004863705260901,
    "sig_b3": 1.0048381421314532
  },
  "ESS": {
    "w_a1": 329770.27559301135,
    "w_b1": 333300.0,
    "mu_a1": 333300.0,
    "mu_b1": 332146.351213736,
    "sig_a1": 333300.0,
    "sig_b1": 332381.3605704359,
    "w_a2": 333300.0,
    "w_b2": 333300.0,
    "mu_a2": 333300.0,
    "mu_b2": 333300.0,
    "sig_a2": 333300.0,
    "sig_b2": 333300.0,
    "sig_a3": 333300.0,
    "sig_b3": 332236.4471490115
  },
  "cgmf_nominal": {
    "w_a1": -6.856,
    "w_b1": 6.0824,
    "mu_a1": 133.79,
    "mu_b1": -0.28,
    "sig_a1": 3.0288,
    "sig_b1": 0.0,
    "w_a2": -6.8637,
    "w_b2": -6.1438,
    "mu_a2": 140.97,
    "mu_b2": -0.27,
    "sig_a2": 4.6942,
    "sig_b2": 0.1853,
    "sig_a3": 9.8854,
    "sig_b3": 0.0322
  },
  "posterior_median": {
    "w_a1": -6.8586506876838556,
    "w_b1": 6.079043271796231,
    "mu_a1": 133.76669143884948,
    "mu_b1": -0.1671836605173435,
    "sig_a1": 3.0298770311508996,
    "sig_b1": 0.002937669025428774,
    "w_a2": -6.860928033348166,
    "w_b2": -6.146638510652135,
    "mu_a2": 140.9833218927559,
    "mu_b2": -0.18095700558932715,
    "sig_a2": 4.695200430039858,
    "sig_b2": 0.17795186691729165,
    "sig_a3": 9.901234374272324,
    "sig_b3": 0.0033936265538685242
  },
  "posterior_std": {
    "w_a1": 0.024165704868890858,
    "w_b1": 0.023924537329804763,
    "mu_a1": 1.983307710076385,
    "mu_b1": 1.4815700928578948,
    "sig_a1": 0.500189415334064,
    "sig_b1": 0.49124746632924193,
    "w_a2": 0.02401303823337266,
    "w_b2": 0.023969661872239822,
    "mu_a2": 1.9759585289752049,
    "mu_b2": 1.4799267139315182,
    "sig_a2": 0.5013591691773579,
    "sig_b2": 0.4895019599386071,
    "sig_a3": 1.5071999055414151,
    "sig_b3": 0.8080140486780654
  },
  "posterior_p16": {
    "w_a1": -6.882727692503876,
    "w_b1": 6.054951643064652,
    "mu_a1": 131.77952974861353,
    "mu_b1": -1.7812007169883408,
    "sig_a1": 2.532583370664583,
    "sig_b1": -0.4922609758115622,
    "w_a2": -6.884790193973901,
    "w_b2": -6.170827637314916,
    "mu_a2": 139.01898750407304,
    "mu_b2": -1.7887238094315399,
    "sig_a2": 4.19699232452151,
    "sig_b2": -0.31539438848973733,
    "sig_a3": 8.39157083366917,
    "sig_b3": -0.9184701227105172
  },
  "posterior_p84": {
    "w_a1": -6.834631161554638,
    "w_b1": 6.102653228800405,
    "mu_a1": 135.7304576072672,
    "mu_b1": 1.4962105011279128,
    "sig_a1": 3.5280546036395473,
    "sig_b1": 0.4933288832671867,
    "w_a2": -6.836930538311487,
    "w_b2": -6.123028999529709,
    "mu_a2": 142.97421864621532,
    "mu_b2": 1.4913058427461792,
    "sig_a2": 5.192830777109598,
    "sig_b2": 0.6698729356111801,
    "sig_a3": 11.399904235323836,
    "sig_b3": 0.9334831006950258
  },
  "derived_at_En": {
    "w1": 0.2444851090308169,
    "w2": 0.753284691766022,
    "w3": 0.004460398406322286,
    "mu1": 133.76669143461973,
    "mu2": 140.98332188817767,
    "mu3": 118.0,
    "sig1": 3.029877031225223,
    "sig2": 4.69520043454204,
    "sig3": 9.901234374358182
  },
  "param_labels": [
    "w_a1",
    "w_b1",
    "mu_a1",
    "mu_b1",
    "sig_a1",
    "sig_b1",
    "w_a2",
    "w_b2",
    "mu_a2",
    "mu_b2",
    "sig_a2",
    "sig_b2",
    "sig_a3",
    "sig_b3"
  ]
}